{
    "cp.tot_preshow": {
        "subtitle": "&d&lTower Of Terror - PreShow",
        "sounds": [
            {
                "name": "ToT_PreShow",
                "stream": true
            }
        ],
        "category": "neutral"
    },
    "cp.tot_sf": {
        "sounds": [
            {
                "name": "ToT_SafetyBoard",
                "stream": true
            }
        ],
        "category": "neutral"
    },
    "cp.sm_rides": {
        "subtitle": "&3&lHyperSpace Mountain",
        "sounds": [
            {
                "name": "SM_Ride",
                "stream": true,
                "volume": 10.0
            }
        ],
        "category": "neutral"
    },
    "cp.rnr_coaster": {
        "subtitle": "&c&lRock'N'Roll Coaster",
        "sounds": [
            {
                "name": "RockNRoll_Coaster",
                "stream": true,
                "volume": 10.0
            }
        ],
        "category": "neutral"
    }
}