{
    "cp.tot_preshow": {
        "subtitle": "&d&lTower Of Terror - PreShow",
        "sounds": [
            {
                "name": "ToT_PreShow",
                "stream": true
            }
        ],
        "category": "neutral"
    },
    "cp.tot_sf": {
        "sounds": [
            {
                "name": "ToT_SafetyBoard",
                "stream": true
            }
        ],
        "category": "neutral"
    },
    "cp.sm_rides": {
        "subtitle": "&3&lHyperSpace Mountain",
        "sounds": [
            {
                "name": "SM_Ride",
                "stream": true,
                "volume": 10.0
            }
        ],
        "category": "neutral"
    },
    "cp.rnr_coaster": {
        "subtitle": "&c&lRock'N'Roll Coaster",
        "sounds": [
            {
                "name": "RockNRoll_Coaster",
                "stream": true,
                "volume": 10.0
            }
        ],
        "category": "neutral"
    },
    "cp.train_horn": {
        "subtitle": "&6&lTrain Horn",
        "sounds": [
            {
                "name": "train_horn",
                "stream": true,
                "volume": 10.0
            }
        ],
        "category": "neutral"
    },
    "cp.brake_close": {
        "subtitle": "&c&lBrake Close",
        "sounds": [
            {
                "name": "brake_close",
                "stream": true,
                "volume": 10.0
            }
        ],
        "category": "neutral"
    },
    "cp.brake_open": {
        "subtitle": "&a&lBrake Open",
        "sounds": [
            {
                "name": "brake_open",
                "stream": true,
                "volume": 10.0
            }
        ],
        "category": "neutral"
    },
    "cp.bar_open": {
        "subtitle": "&a&lBar Open",
        "sounds": [
            {
                "name": "bar_open",
                "stream": true,
                "volume": 10.0
            }
        ],
        "category": "neutral"
    },
    "cp.bar_close": {
        "subtitle": "&c&lBar Close",
        "sounds": [
            {
                "name": "bar_close",
                "stream": true,
                "volume": 10.0
            }
        ],
        "category": "neutral"
    }
}